timestamp,face_id,engaged,sleepy,smoothed_yaw
1772339540.200059,0,True,False,0.0
1772339540.3922374,0,True,False,-0.035353119796963206
1772339540.4397345,0,True,False,0.15654110884202824
1772339540.4922483,0,True,False,-0.23391838416550748
1772339540.553721,0,True,False,-0.3756821597043114
1772339540.6041496,0,True,False,-0.7848730796638929
1772339540.6548445,0,True,False,-0.17526150007103994
1772339540.70442,0,True,False,-0.03107636897916599
1772339540.7509449,0,True,False,0.356336982926614
1772339540.8056035,0,True,False,0.8342575133742226
1772339540.8485532,0,True,False,0.9749831121037171
1772339540.8958895,0,True,False,0.4677102682416493
1772339540.9351175,0,True,False,0.046574137239533894
1772339540.9681325,0,True,False,0.10911576224281383
1772339541.0184703,0,True,False,0.6376294320200785
1772339541.063094,0,True,False,1.599983125265132
1772339541.1136003,0,True,False,4.149084687953082
1772339541.1639605,0,True,False,7.018307285584972
1772339541.2080953,0,True,False,10.274450858781444
1772339541.2589066,0,True,False,13.125494281785327
1772339541.3026028,0,True,False,15.089102785805693
1772339541.3505797,0,True,False,14.795081981704953
1772339541.3975575,0,True,False,13.86172886581777
1772339541.4437313,0,True,False,13.828264545188702
1772339541.4925718,0,True,False,13.595948900802858
1772339541.5391693,0,True,False,13.8632501239258
1772339541.590608,0,True,False,15.706324930686964
1772339541.63451,0,True,False,16.906308440280913
1772339541.6810036,0,True,False,17.321068847614413
1772339541.7290761,0,True,False,17.12527255457865
1772339541.7925837,0,True,False,17.613676148207194
1772339541.8455925,0,True,False,15.602519289122512
1772339541.884505,0,True,False,17.772615389953124
1772339541.9285219,0,True,False,20.285654034662688
1772339541.9772239,0,True,False,24.623210546477
1772339542.0256758,0,True,False,28.849503263345447
1772339542.0719473,0,True,False,35.240353294784335
1772339542.1192677,0,True,False,38.78958840427423
1772339542.171818,0,False,False,41.91708256023547
1772339542.2164714,0,False,False,44.087750942278674
1772339542.261452,0,False,False,46.25730932822137
1772339542.3123999,0,False,False,46.972018106620894
1772339542.35466,0,False,False,47.81392957810088
1772339542.3990545,0,False,False,47.441634481497154
1772339542.460314,0,False,False,48.19199444683996
1772339542.517405,0,False,False,49.0020815852801
1772339542.5612667,0,False,False,50.49194948402364
1772339542.6087334,0,False,False,51.65767785107048
1772339542.6499107,0,False,False,53.30433941179278
1772339542.6995187,0,False,False,53.65102802127702
1772339542.7507787,0,False,False,53.65367090036396
1772339542.7989728,0,False,False,53.162067930433594
1772339542.8404098,0,False,False,52.57578633176907
1772339542.8876605,0,False,False,51.90204960247737
1772339542.9380505,0,False,False,50.89015481591814
1772339542.9846349,0,False,False,49.85218958672305
1772339543.0493672,0,False,False,48.919686634835024
1772339543.1234462,0,False,False,46.56574214441888
1772339543.170027,0,False,False,44.1368861233946
1772339543.216344,0,False,False,41.663503815237306
1772339543.2648742,0,False,False,39.43069251920637
1772339543.3168182,0,False,False,36.252273470280464
1772339543.3617527,0,False,False,34.359421383536514
1772339543.4118693,0,False,False,32.76335191012993
1772339543.4629955,0,False,False,30.03143663053953
1772339543.5073342,0,False,False,27.591423057253348
1772339543.5503628,0,False,False,26.939184634043478
1772339543.5929396,0,True,False,26.554741549033672
1772339543.6386456,0,True,False,25.901036062221227
1772339543.6977372,0,True,False,26.88538584554947
1772339543.7341046,0,True,False,27.738112742122485
1772339543.7842467,0,True,False,27.684894289480024
1772339543.829825,0,True,False,27.738522308302333
1772339543.8802109,0,True,False,27.971384970756027
1772339543.9278688,0,True,False,27.54473596387286
1772339543.974073,0,True,False,27.45553983884538
1772339544.0209835,0,True,False,27.788448259378537
1772339544.0630858,0,True,False,28.622099803035372
1772339544.1172445,0,True,False,29.06407252027691
1772339544.1552286,0,True,False,29.746383974953556
1772339544.2164242,0,True,False,31.02681806508259
1772339544.254794,0,True,False,33.15582374765768
1772339544.318809,0,False,False,35.11049290659227
1772339544.3773277,0,False,False,37.11040707497226
1772339544.4323232,0,False,False,39.53565344816464
1772339544.4708116,0,False,False,41.06388709420298
1772339544.5227156,0,False,False,41.6316992883013
1772339544.5654254,0,False,False,41.74718422666176
1772339544.6163635,0,False,False,41.95140168839371
1772339544.6599119,0,False,False,42.36991853838196
1772339544.7136295,0,False,False,42.532542178638074
1772339544.7518325,0,False,False,42.65328113639217
1772339544.8000016,0,False,False,42.7942350810076
1772339544.8489704,0,False,False,43.10014191162435
1772339544.898967,0,False,False,42.70616898363191
1772339544.9405882,0,False,False,42.49186150295593
1772339544.993507,0,False,False,41.7630517974314
1772339545.034061,0,False,False,40.809922175407955
1772339545.0902395,0,False,False,39.59939590237103
1772339545.1342494,0,False,False,38.32206285289875
1772339545.1875072,0,False,False,35.54708131692839
1772339545.2335126,0,False,False,33.19525999837349
1772339545.2787986,0,False,False,30.453900226197312
1772339545.3212805,0,False,False,20.74859543932393
1772339545.3690608,0,False,False,10.632814458087848
1772339545.4219484,0,True,False,1.9906848710029887
1772339545.4751086,0,True,False,-6.855435266918578
1772339545.5291078,0,True,False,-15.250192047835673
1772339545.5756311,0,True,False,-16.940488644388473
1772339545.6587124,0,True,False,-17.539035665030212
1772339545.7037115,0,True,False,-18.309680364187905
1772339545.7419758,0,True,False,-18.887220726827074
1772339545.7933037,0,True,False,-19.473740023775463
1772339545.8402767,0,True,False,-18.957247248474097
1772339545.8840425,0,True,False,-18.73890777914778
1772339545.9444644,0,True,False,-18.596088867290103
1772339546.0181162,0,True,False,-18.312869606277367
1772339546.0626986,0,True,False,-17.6881489670478
1772339546.1182978,0,True,False,-17.64002780441915
1772339546.1678884,0,True,False,-17.40048966265386
1772339546.2211053,0,True,False,-17.526619851107135
1772339546.2615492,0,True,False,-17.588445126905377
1772339546.3088531,0,True,False,-18.27597102412438
1772339546.3622327,0,True,False,-19.036030080787512
1772339546.4039962,0,True,False,-20.503291632246885
1772339546.4527152,0,True,False,-21.325382980849902
1772339546.4970078,0,True,False,-21.95603176142152
1772339546.5364373,0,True,False,-22.221515271472178
1772339546.56826,0,True,False,-22.133115405247302
1772339546.6022556,0,True,False,-21.886389421718473
1772339546.6526532,0,True,False,-21.57638501923703
1772339546.6949916,0,True,False,-21.858027022558012
1772339546.7337291,0,True,False,-21.66333102437298
1772339546.7878184,0,True,False,-21.71811692946436
1772339546.8288183,0,True,False,-21.353583214663075
1772339546.892343,0,True,False,-20.891689887931022
1772339546.9383433,0,True,False,-20.208183774354893
1772339546.9784381,0,True,False,-19.86161011650285
1772339547.0274222,0,True,False,-19.389549104812
1772339547.0750375,0,True,False,-19.39975708487848
1772339547.131333,0,True,False,-19.616873268837683
1772339547.1681628,0,True,False,-19.316665713178722
1772339547.2209344,0,True,False,-19.15958570697823
1772339547.269412,0,True,False,-18.87944967090769
1772339547.313058,0,True,False,-18.089568265332463
1772339547.3594263,0,True,False,-17.502294204583215
1772339547.4122188,0,True,False,-17.191915501205518
1772339547.4566643,0,True,False,-16.151486545004232
1772339547.506957,0,True,False,-15.765836972933277
1772339547.5431314,0,True,False,-15.168864141898705
1772339547.595835,0,True,False,-14.087907751667023
1772339547.640848,0,True,False,-13.623282271690403
1772339547.6934614,0,True,False,-13.480665997497539
1772339547.733163,0,True,False,-12.952148512536258
1772339547.786023,0,True,False,-12.473761701900383
1772339547.8293557,0,True,False,-12.584553840350337
1772339547.8794992,0,True,False,-11.929948935811119
1772339547.9230027,0,True,False,-11.952334873075975
1772339547.9755752,0,True,False,-12.201644302557664
1772339548.0581317,0,True,False,-12.904210803657412
1772339548.119117,0,True,False,-13.25966745653858
1772339548.1606493,0,True,False,-15.77552975527795
1772339548.2032874,0,True,False,-18.291385413905203
1772339548.251015,0,True,False,-20.51620934521857
1772339549.151619,1,True,False,0.0
1772339549.2444444,2,True,False,0.0
1772339549.2920938,2,True,False,0.7665534400633085
1772339549.4299762,3,True,False,0.0
1772339549.4799135,3,True,False,2.7614081090949725
1772339549.5303986,3,True,False,4.0081627936344475
1772339549.5847871,3,True,False,4.960816515607547
1772339549.6292603,3,True,False,6.261708773318815
1772339549.6723285,3,True,False,8.661049330899365
1772339549.7225878,3,True,False,9.984617421554688
1772339549.7657816,3,True,False,12.735303759989364
1772339549.812581,3,True,False,15.811508205142479
1772339549.859202,3,True,False,25.316553201080733
1772339549.9037056,3,True,False,34.95241271876479
1772339549.9511352,3,True,False,44.737900315271574
1772339549.9970782,3,False,False,52.90049847509431
1772339550.0927434,3,False,False,61.23178259033047
1772339550.1340585,3,False,False,64.43991317435409
1772339550.1849406,3,False,False,67.83046310065855
1772339550.2298646,3,False,False,70.97004470363574
1772339550.286549,3,False,False,74.17724440184038
1772339550.3238788,3,False,False,76.63219051064762
1772339550.382029,3,False,False,77.06385748390517
1772339550.419014,3,False,False,76.82891798645659
1772339550.4715872,3,False,False,77.02581133666436
1772339550.511566,3,False,False,76.96824552323804
1772339550.5821157,3,False,False,77.05330448409583
1772339550.6271162,3,False,False,77.12665553640333
1772339550.6681857,3,False,False,77.41726055927352
1772339550.7283728,3,False,False,77.08541778462299
1772339550.7865908,3,False,False,77.23046150791973
1772339550.8253398,3,False,False,77.14690630215766
1772339550.8764553,3,False,False,77.11535337776454
1772339550.9206505,3,False,False,77.0327659951652
1772339550.966823,3,False,False,76.53402267479784
1772339551.0192266,3,False,False,75.56305839546862
1772339551.0705802,3,False,False,74.00808452619353
1772339551.1047752,3,False,False,72.27368824327624
1772339551.1636817,3,False,False,70.19347873293042
1772339551.2008924,3,False,False,68.8372708499135
1772339551.2530196,3,False,False,66.480021722552
1772339551.3034232,3,False,False,64.81768834464239
1772339551.3486385,3,False,False,61.145705181922494
1772339551.4008055,3,False,False,58.80502195876945
1772339551.4412189,3,False,False,56.247537191833636
1772339551.4841359,3,False,False,55.30295291834498
1772339551.5363965,3,False,False,53.508371159994155
1772339551.576982,3,False,False,52.73749663884613
1772339551.6264951,3,False,False,52.3234535883761
1772339551.6750388,3,False,False,52.46296728249365
1772339551.7220526,3,False,False,51.1163385428659
1772339551.7785714,3,False,False,50.863961781731085
1772339551.8195682,3,False,False,51.03314545516467
1772339551.8679812,3,False,False,50.91926480539128
1772339551.9195921,3,False,False,49.870721445181346
1772339551.9670138,3,False,False,49.969104512714964
1772339552.0067637,3,False,False,50.177883127342895
1772339552.0532517,3,False,False,51.179796455822576
1772339552.1012099,3,False,False,51.43855343910716
1772339552.149693,3,False,False,51.947323896197005
1772339552.198247,3,False,False,51.28738988101149
1772339552.2392547,3,False,False,50.65842772789819
1772339552.288441,3,False,False,50.05656670947541
1772339552.3382232,3,False,False,49.80276457113955
1772339552.3864303,3,False,False,50.315831391026855
1772339552.432644,3,False,False,50.46888918899157
1772339552.4842415,3,False,False,51.07639812469199
1772339552.5225112,3,False,False,50.94701734122428
1772339552.5840154,3,False,False,50.91918361030444
1772339552.643789,3,False,False,48.7273665299246
1772339552.7007504,3,False,False,48.52173781138004
1772339552.744453,3,False,False,46.98957501812319
1772339552.789267,3,False,False,47.07430629075855
1772339552.8492644,3,False,False,46.427790640844215
1772339552.9118083,3,False,False,47.18540501535291
1772339552.9627986,3,False,False,47.45906365275697
1772339553.044326,3,False,False,47.66819823021431
1772339553.088887,3,False,False,46.51672533724659
1772339553.1356258,3,False,False,46.583313536866726
1772339553.1819613,3,False,False,44.45431357434704
1772339553.233429,3,False,False,43.51577554602735
1772339553.2718515,3,False,False,43.45132452978787
1772339553.3094907,3,False,False,43.55799225423267
1772339553.3599927,3,False,False,43.208916690905205
1772339553.4020991,3,False,False,45.77350826383575
1772339553.447728,3,False,False,46.119867626975825
1772339553.5039563,3,False,False,46.54228411643803
1772339553.5428817,3,False,False,46.985811238499096
1772339553.5984461,3,False,False,48.10024985144615
1772339554.2238078,3,False,False,46.166176280276275
1772339554.2628207,3,False,False,44.79480381785909
1772339554.3063965,3,False,False,42.65217034430569
1772339554.3520055,3,False,False,41.35029634317782
1772339554.4055517,3,False,False,37.9285640995674
1772339554.4556022,3,False,False,37.56470780624764
1772339554.493733,3,False,False,38.59456192366632
1772339554.5443735,3,False,False,39.91321493176347
1772339554.5909364,3,False,False,41.29087689172651
1772339554.6400325,3,False,False,41.92065239141088
1772339554.6910613,3,False,False,43.32952202380626
1772339554.7293053,3,False,False,43.88662168149692
1772339554.77985,3,False,False,43.70169239159089
1772339554.8291225,3,False,False,42.66309211597345
1772339554.880172,3,False,False,43.34188292295222
1772339554.9226375,3,False,False,43.39298662451655
1772339554.9738379,3,False,False,41.894676967498256
1772339555.0196784,3,False,False,40.52078316133161
1772339555.0682747,3,False,False,39.50095980117278
1772339555.11592,3,False,False,38.91852516047935
1772339555.1654105,3,False,False,37.75343788293293
1772339555.2077537,3,False,False,39.31424283903518
1772339555.259796,3,False,False,41.36767151926449
1772339555.2998948,3,False,False,43.26353481107532
1772339555.3527088,3,False,False,44.83867248901339
1772339555.4002814,3,False,False,46.671672303545485
1772339555.4443328,3,False,False,47.6756260953635
1772339555.4984853,3,False,False,48.19396765378908
1772339555.533212,3,False,False,48.87337125830927
1772339555.5808907,3,False,False,49.355031127762956
1772339555.6347027,3,False,False,50.23911442220683
1772339555.6870005,3,False,False,50.634906750890515
1772339555.7229772,3,False,False,51.891610311752046
1772339555.7731638,3,False,False,51.657227231672564
1772339555.8288703,3,False,False,52.06521061374802
1772339555.868903,3,False,False,53.9991839637765
1772339555.9160523,3,False,False,56.85766564809933
1772339555.9643328,3,False,False,59.61371077483417
1772339556.0045526,3,False,False,63.43333197418845
1772339556.0595832,3,False,False,65.98442928587464
1772339556.104137,3,False,False,67.05857595578746
1772339556.1535647,3,False,False,67.3356258383825
1772339556.198544,3,False,False,67.24734014251712
1772339556.2489102,3,False,False,66.68391243251835
1772339556.2909684,3,False,False,64.60969130025663
1772339556.3429568,3,False,False,61.060062138047456
1772339556.3895824,3,False,False,57.23951875215058
1772339556.4351616,3,False,False,54.14208605458849
1772339556.485287,3,False,False,51.78857167987618
1772339556.5259433,3,False,False,48.28365298452947
1772339556.5755959,3,False,False,44.38522428757382
1772339556.6205947,3,False,False,40.410254321195914
1772339556.6991613,3,False,False,36.6540586385
1772339556.7521453,3,False,False,32.66095045237911
1772339556.793435,3,False,False,31.65198532961802
1772339556.841558,3,False,False,31.71980459307297
1772339556.8911626,3,False,False,32.56620918130127
1772339556.9421127,3,False,False,33.69953008734917
1772339556.9843144,3,False,False,35.01152478152221
1772339557.030821,3,False,False,38.056515315189515
1772339557.074899,3,False,False,41.04775835166798
1772339557.1305916,3,False,False,42.29340542716792
1772339557.1690652,3,False,False,43.99152896299472
1772339557.2202017,3,False,False,45.300053727418344
1772339557.268217,3,False,False,45.36023262068913
1772339557.311599,3,False,False,45.548435839377326
1772339557.362136,3,False,False,46.10516851767518
1772339557.4099576,3,False,False,46.11739501614998
1772339557.4551644,3,False,False,46.06198301060622
1772339557.503338,3,False,False,46.581356315496045
1772339557.5518446,3,False,False,46.68326930732345
1772339557.6131725,3,False,False,46.429110109636056
1772339557.6537554,3,False,False,44.81211532132984
1772339557.6904345,3,False,False,44.47449050983729
1772339557.7469528,3,False,False,42.36565935013662
1772339557.7816615,3,False,False,40.47636367940328
1772339557.832678,3,False,False,38.66980940564322
1772339557.8772645,3,False,False,34.98435326559903
1772339557.9312742,3,False,False,33.65952652644865
1772339557.9818587,3,False,False,33.26655751821887
1772339558.0219357,3,False,False,33.725066485748854
1772339558.069175,3,False,False,31.796305560084118
1772339558.11425,3,False,False,32.82088818308343
1772339558.164103,3,False,False,32.379019846074826
1772339558.2173147,3,False,False,31.753622289550037
1772339558.2639618,3,False,False,31.79904745324894
1772339558.3100214,3,False,False,35.789814853807826
1772339558.3495114,3,False,False,39.54872744574995
1772339558.4052887,3,False,False,39.869872053473536
1772339558.4465804,3,False,False,40.57260613296813
1772339558.4912057,3,False,False,40.08339313113811
1772339558.5389345,3,False,False,37.86309233770328
1772339558.593837,3,False,False,37.08109322721267
1772339558.639214,3,False,False,39.33489832410262
1772339558.6877353,3,False,False,41.07078430846333
1772339558.7302015,3,False,False,42.46250876886115
1772339558.7769554,3,False,False,45.67550702957527
1772339558.8207667,3,False,False,45.85036662172881
1772339558.8726678,3,False,False,45.216599818359924
1772339558.9170556,3,False,False,43.4719545650086
1772339558.9692845,3,False,False,41.24854726984738
1772339559.0113375,3,False,False,38.3552171998889
1772339559.0713785,3,False,False,36.884643078643364
1772339559.1333926,3,False,False,35.07211108135802
1772339559.1909156,3,False,False,34.277108864990986
1772339559.2249298,3,False,False,34.371134132318076
1772339559.281727,3,False,False,34.87096460454516
1772339559.3270488,3,False,False,35.47078979250768
1772339559.3675668,3,False,False,35.84307019487342
1772339559.4136994,3,False,False,37.130180212917985
1772339559.4610019,3,False,False,38.34675553075858
1772339559.5101194,3,False,False,38.83759854772212
1772339559.6087725,4,True,False,0.0
1772339559.6500747,4,True,False,1.1965104122033314
1772339559.6991954,4,True,False,0.8679400543373696
1772339559.7483432,4,True,False,0.19933468200785837
1772339559.803406,4,True,False,0.044184320361382534
1772339559.8357353,4,True,False,2.131874840979092
1772339559.8916578,4,True,False,3.1479143401280494
1772339559.930228,4,True,False,5.332831243111717
1772339559.9801314,4,True,False,7.050062165426586
1772339560.032245,4,True,False,8.965353585148417
1772339560.0839872,4,True,False,9.248417686043496
1772339560.1464343,4,True,False,7.273300835417579
1772339560.181221,4,True,False,6.73848029628042
1772339560.2404466,4,True,False,5.420072012944987
1772339560.2861218,4,True,False,4.397287167257679
1772339560.3521297,4,True,False,2.5396389938586283
1772339560.406723,4,True,False,5.17273802768783
1772339560.451709,4,True,False,6.2707958023548
1772339560.502736,4,True,False,8.716060410866358
1772339560.5458784,4,True,False,10.636560246221432
1772339560.5843933,4,True,False,12.510262190818986
1772339560.6423228,4,True,False,12.608682280377158
1772339560.681486,4,True,False,12.15878897254333
1772339560.7308636,4,True,False,12.250964321984235
1772339560.7757843,4,True,False,11.341977190864252
1772339560.830278,4,True,False,10.429819313792322
1772339560.8799047,4,True,False,10.1758057871935
1772339560.9229183,4,True,False,9.794443986469327
1772339560.9660108,4,True,False,9.602129900034173
1772339561.026148,4,True,False,9.69954534450084
1772339561.0873373,4,True,False,10.114738730504476
1772339561.131711,4,True,False,9.50824788258494
1772339561.1772447,4,True,False,9.776876885430664
1772339561.2210333,4,True,False,9.01789020869135
1772339561.2734544,4,True,False,9.174941435424897
1772339561.314162,4,True,False,8.848875958409575
1772339561.3669643,4,True,False,8.84019425098148
1772339561.4091008,4,True,False,7.84743437554239
1772339561.4587858,4,True,False,8.45453941464499
1772339561.5083644,4,True,False,8.19690258144027
1772339561.5503697,4,True,False,8.769304831897031
1772339561.604899,4,True,False,8.506670723556628
1772339561.6418843,4,True,False,9.08983964395602
1772339561.6924322,4,True,False,8.164023810373488
1772339561.7431595,4,True,False,7.803229447332112
1772339561.7905693,4,True,False,7.612262016851119
1772339561.8419845,4,True,False,7.5334886703540915
1772339561.8871264,4,True,False,8.339707768858867
1772339561.9407496,4,True,False,8.38267241606346
1772339561.9837034,4,True,False,8.235064707089583
1772339562.0196753,4,True,False,7.625489237480906
1772339562.0741644,4,True,False,8.37207073176465
1772339562.1213784,4,True,False,6.792831074039879
1772339562.1644113,4,True,False,7.537575067396567
1772339562.2119699,4,True,False,8.668296909688726
1772339562.2596216,4,True,False,8.262430603028708
1772339562.3122158,4,True,False,8.640254004973105
1772339562.355062,4,True,False,9.49174082532217
1772339562.397949,4,True,False,9.088309991740802
1772339562.4460278,4,True,False,8.471061113326236
1772339562.501114,4,True,False,8.747502573344446
1772339562.548338,4,True,False,8.482940774619767
1772339562.5927913,4,True,False,7.024591724669935
1772339562.640777,4,True,False,6.97633960120307
1772339562.6813395,4,True,False,6.9771572103456805
1772339562.737491,4,True,False,7.68176403660191
1772339562.7764928,4,True,False,8.015853459934291
1772339562.8300378,4,True,False,9.455319571675272
1772339562.86704,4,True,False,10.383004633207051
1772339562.9138463,4,True,False,10.46238958389048
1772339562.9680257,4,True,False,9.841721813022293
1772339563.00867,4,True,False,10.269798735627386
1772339563.0639527,4,True,False,9.873406794741717
1772339563.1036131,4,True,False,8.495697597353791
1772339563.1553195,4,True,False,8.645377359350414
1772339563.1988356,4,True,False,8.557139639463218
1772339563.260755,4,True,False,7.2321440168717315
1772339563.3172321,4,True,False,7.156402473981158
1772339563.350708,4,True,False,8.225000603507068
1772339563.3882444,4,True,False,7.417519574978945
1772339563.4324036,4,True,False,8.462582976702079
1772339563.4884522,4,True,False,8.593425128214513
1772339563.528357,4,True,False,9.562235128474454
1772339563.5827487,4,True,False,8.680354470108597
1772339563.6271908,4,True,False,9.582400655475492
1772339563.6746693,4,True,False,9.450507051442534
1772339563.7219222,4,True,False,9.871096167130561
1772339563.76512,4,True,False,10.138781467245542
1772339563.810019,4,True,False,10.519572312707218
1772339563.8611715,4,True,False,13.63780597119225
1772339563.909457,4,True,False,16.87683921216758
1772339563.967486,4,True,False,20.986305844433964
1772339564.0190172,4,True,False,24.43956536758905
1772339564.065016,4,True,False,28.611872359520703
1772339564.1076207,4,True,False,29.386760883540415
1772339564.160669,4,True,False,30.10265572070398
1772339564.1995678,4,True,False,29.887310932617346
1772339564.2305582,4,True,False,29.5339136307691
1772339564.2724502,4,True,False,29.597666250442046
1772339564.312578,4,True,False,29.445893046250443
1772339564.3646905,4,True,False,28.906111452589663
1772339564.4179041,4,True,False,29.056986950394883
1772339564.4579296,4,True,False,29.622343441479664
1772339564.5076811,4,True,False,29.283673899390273
1772339564.5533693,4,True,False,28.991912825000146
1772339564.6064167,4,True,False,29.159059593273916
1772339564.650217,4,True,False,29.440611786028377
1772339564.7043018,4,True,False,29.07710282527941
1772339564.7475743,4,True,False,29.274995082576844
1772339564.7886682,4,True,False,29.970127046734717
1772339564.842312,4,True,False,29.879405887060386
1772339564.882715,4,True,False,29.477261594077902
1772339564.935839,4,True,False,29.06389041390044
1772339564.9785018,4,True,False,29.162967191403947
1772339565.030436,4,True,False,29.05010206212463
1772339565.0697918,4,True,False,29.345478930763722
1772339565.1382558,4,True,False,30.01581958099739
1772339565.1908417,4,True,False,30.402585461212595
1772339565.2278411,4,False,False,30.024978257455807
1772339565.2828665,4,False,False,29.716040600902694
1772339565.3387096,4,False,False,29.424147878187974
1772339565.3905866,4,True,False,28.7745192150825
1772339565.4393833,4,True,False,28.474063330751637
1772339565.4810925,4,True,False,28.975532441157803
1772339565.529541,4,True,False,29.102526159413294
1772339565.5756917,4,True,False,29.63560488462496
1772339565.6255376,4,True,False,29.57871211115505
1772339565.6776116,4,True,False,30.055844770349022
1772339565.7152228,4,True,False,29.796508200167125
1772339565.7638707,4,True,False,29.26419344620799
1772339565.8163657,4,True,False,28.931135725085188
1772339565.8531907,4,True,False,28.75480732682977
1772339565.899462,4,True,False,28.652185914672096
1772339565.9484959,4,True,False,28.950893708592968
1772339565.9967659,4,True,False,29.623056517456824
1772339566.0517678,4,True,False,29.78930920967869
1772339566.0895479,4,True,False,30.006840505455678
1772339566.1456437,4,True,False,29.818960489762993
1772339566.1951349,4,True,False,29.944220184125832
1772339566.2452278,4,True,False,29.53337180951944
1772339566.2897453,4,True,False,29.532017977373744
1772339566.3363566,4,True,False,29.73126787890242
1772339566.4567394,4,True,False,29.615694371621977
1772339566.508216,4,True,False,29.568541259280824
1772339566.551371,4,True,False,29.71320389671835
1772339566.6034899,4,True,False,29.76397997808054
1772339566.6405976,4,True,False,29.49184013329049
1772339566.688111,4,True,False,29.814376457068743
1772339566.7331893,4,True,False,29.805238841973328
1772339566.784714,4,True,False,30.130639803401653
1772339566.8398545,4,True,False,30.41607917742407
1772339566.8781571,4,False,False,30.707405745238837
1772339566.9351947,4,False,False,30.405475056817966
1772339566.971871,4,False,False,30.376201942106256
1772339567.0203025,4,False,False,30.016504518335335
1772339567.0690577,4,False,False,29.4177780434291
1772339567.1184647,4,False,False,29.171395929611684
1772339567.1591425,4,False,False,30.012156422851753
1772339567.2099457,4,True,False,29.478184284125454
1772339567.252565,4,True,False,29.611250635947563
1772339567.311336,4,True,False,29.916114460753686
1772339567.3544564,4,True,False,30.293917744514953
1772339567.3958676,4,True,False,29.909666506024706
1772339567.4528854,4,True,False,30.0883480624618
1772339567.4907582,4,False,False,30.360470295617848
1772339567.5462599,4,False,False,30.06498047245511
1772339567.590767,4,False,False,30.005692161297997
1772339567.6318932,4,False,False,29.605282286183545
1772339567.6879222,4,False,False,29.88335043477653
1772339567.7344594,4,True,False,29.52872332073425
1772339567.772457,4,True,False,29.498767375285837
1772339567.8250384,4,True,False,29.244175986452337
1772339567.8680234,4,True,False,29.49272018796122
1772339567.9127793,4,True,False,29.462329162041776
1772339567.9624279,4,True,False,29.796086667472288
1772339568.0083675,4,True,False,29.813824046079304
1772339568.0607033,4,True,False,30.045169761610026
1772339568.1131914,4,True,False,29.64869274996122
1772339568.15455,4,True,False,29.707633566957732
1772339568.2015886,4,True,False,29.46747241274315
1772339568.2579868,4,True,False,29.821611404675025
1772339568.2956867,4,True,False,29.806909117355797
1772339568.3470564,4,True,False,30.58770141607898
1772339568.3895533,4,True,False,30.319610792297386
1772339568.443694,4,False,False,30.3857149500157
1772339568.4785485,4,False,False,30.05383457300747
1772339568.5297248,4,False,False,29.824758423918688
1772339568.5742295,4,False,False,29.302347437314154
1772339568.6189103,4,True,False,29.713353595909734
1772339568.6637743,4,True,False,29.632314602723017
1772339568.7169101,4,True,False,29.957857906681262
1772339568.7640584,4,True,False,29.912274898178758
1772339568.8074744,4,True,False,30.28584985651789
1772339568.854542,4,True,False,30.12368510721941
1772339568.9020576,4,False,False,30.14039703584711
1772339568.952057,4,False,False,30.058008391776774
1772339569.0605135,4,False,False,29.96268274741439
1772339569.110269,4,False,False,29.475108194651597
1772339569.1556826,4,True,False,29.71590679558772
1772339569.2021735,4,True,False,29.613485167314657
1772339569.2564557,4,True,False,29.518325977130907
1772339569.3048174,4,True,False,29.666142725705022
1772339569.346947,4,True,False,29.754018737076116
1772339569.3962736,4,True,False,29.484313728222286
1772339569.443376,4,True,False,29.448071138037328
1772339569.4888086,4,True,False,29.09397382688754
1772339569.5372853,4,True,False,29.167616629066686
1772339569.5782037,4,True,False,28.0563847209024
1772339569.627175,4,True,False,27.302587712589684
1772339569.6724966,4,True,False,27.421034750608992
1772339569.724407,4,True,False,27.91887782263812
1772339569.771466,4,True,False,27.308664464885698
1772339569.8231137,4,True,False,28.593574424536563
1772339569.864444,4,True,False,29.019783267221452
1772339569.9090939,4,True,False,28.146123238066036
1772339569.957297,4,True,False,27.565991999088645
1772339570.0004325,4,True,False,27.994218979232887
1772339570.0614574,4,True,False,27.794520854779684
1772339570.1019676,4,True,False,27.494307530758647
1772339570.15657,4,True,False,28.090693138140836
1772339570.2031126,4,True,False,28.345043107325374
1772339570.2441583,4,True,False,27.369470414770852
1772339570.2921436,4,True,False,27.114149763979945
1772339570.3329418,4,True,False,26.956091620303084
1772339570.3762276,4,True,False,26.923207802906006
1772339570.4078693,4,True,False,26.61916959890928
1772339570.4583876,4,True,False,26.736667000423086
1772339570.5103521,4,True,False,26.745234352641525
1772339570.5618746,4,True,False,27.21961424027174
1772339570.5998275,4,True,False,27.265839295400006
1772339570.64247,4,True,False,27.422539943194217
1772339570.6993935,4,True,False,28.245486933600212
1772339570.7456098,4,True,False,28.287958853684376
1772339570.7951622,4,True,False,28.138294331102248
1772339570.8331118,4,True,False,28.072998393013183
1772339570.8754897,4,True,False,27.59152165987593
1772339570.930136,4,True,False,27.929176875772487
1772339570.9727802,4,True,False,27.478713316387093
1772339571.0171196,4,True,False,27.51727671561114
1772339571.072911,4,True,False,27.991407537608364
1772339571.1136186,4,True,False,28.49179884940931
1772339571.1643984,4,True,False,28.429172928440813
1772339571.2070475,4,True,False,29.145142180210733
1772339571.2565324,4,True,False,29.057545411882025
1772339571.3007815,4,True,False,28.71754839682068
1772339571.359472,4,True,False,28.926171130098584
1772339571.3964913,4,True,False,28.641049271602174
1772339571.4507596,4,True,False,28.710483876247725
1772339571.4978096,4,True,False,29.1904716109206
1772339571.5362842,4,True,False,29.60577989086204
1772339571.5902886,4,True,False,29.516100941441202
1772339571.6337535,4,True,False,29.48884641945698
1772339571.6850693,4,True,False,28.74205836614799
1772339571.7295644,4,True,False,27.635040266898226
1772339571.773578,4,True,False,26.161812729288346
1772339571.8161228,4,True,False,23.973302712460942
1772339571.8736212,4,True,False,21.541378129242283
1772339571.913597,4,True,False,20.402773562988646
1772339571.9644234,4,True,False,18.6510044029592
1772339572.0107687,4,True,False,16.977901224052246
1772339572.0533643,4,True,False,13.248597244508042
1772339572.1041715,4,True,False,8.869844794524209
1772339572.1581047,4,True,False,6.7336487907766
1772339572.2043114,4,True,False,5.495530046905601
1772339572.2514174,4,True,False,2.3644476829474086
1772339572.2919521,4,True,False,1.9455778992576775
1772339572.3419945,4,True,False,2.5168006880919336
1772339572.3868315,4,True,True,-0.7978724007914348
1772339572.4370527,4,True,True,-3.0632608740725678
1772339572.497886,4,False,True,-4.144561898235001
1772339572.553231,4,False,True,-4.386917834007172
1772339572.5997844,4,False,True,-4.524890834840137
1772339572.6448064,4,False,True,-3.875881802598626
1772339572.6858127,4,False,True,-5.06636270925147
1772339572.7397711,4,False,True,-5.879091255191872
1772339572.7887764,4,False,True,-7.015785805840288
1772339572.826035,4,False,True,-8.035106854940707
1772339572.8731067,4,False,True,-9.308173466543394
1772339572.9298706,4,False,True,-9.889298961485526
1772339572.976112,4,False,True,-10.191062019833733
1772339573.059197,4,False,True,-10.119083859483952
1772339573.1009812,4,False,True,-10.762163314811627
1772339573.143582,4,False,True,-10.646188233773819
1772339573.1928995,4,False,True,-10.250834798493681
1772339573.2384317,4,False,True,-9.754524422485538
1772339573.285938,4,False,True,-10.084314792775688
1772339573.3385081,4,False,True,-9.999035656237647
1772339573.381633,4,False,True,-9.517849334717036
1772339573.4324572,4,False,True,-9.910938867012234
1772339573.4771187,4,False,True,-10.59339025190977
1772339573.524917,4,False,True,-9.589585432325737
1772339573.5639856,4,False,False,-9.879984397551308
1772339573.6215792,4,False,False,-9.9552109760217
1772339573.6651256,4,True,False,-9.643743714920712
1772339573.7086892,4,True,False,-9.866764100568375
1772339573.7564461,4,True,False,-9.922868101612131
1772339573.8005464,4,True,False,-8.573545504087885
1772339573.8587735,4,True,False,-9.211944696423704
1772339573.9515986,4,True,False,-7.842935894881494
1772339574.0056984,4,True,False,-5.548241135138815
1772339574.0499954,4,True,False,-4.739030256512488
1772339574.0958433,4,True,False,-4.523559537113703
1772339574.1491745,4,True,False,-1.5901353031736332
1772339574.1882455,4,True,False,-0.09318137993473936
1772339574.241462,4,True,False,0.8002840759862264
1772339574.2830367,4,True,False,1.8042547922451142
1772339574.333631,4,True,False,3.9525949585156552
1772339574.3834205,4,True,False,4.603519131676778
1772339574.4255126,4,True,False,4.28937856991655
1772339574.4723566,4,True,False,5.684997559951394
1772339574.5237725,4,True,False,7.232146237230583
1772339574.5690258,4,True,False,5.063073035202612
1772339574.6223583,4,True,False,4.051845463511691
1772339574.6663728,4,True,False,5.626793032397076
1772339574.71211,4,True,False,5.719543258064195
1772339574.7550647,4,True,False,3.0005054852244273
1772339574.800284,4,True,False,3.8357518001896524
1772339574.846603,4,True,False,2.8969390397005528
1772339574.9057343,4,True,False,0.06165109231895247
1772339574.965768,4,True,False,-2.1983819521124417
1772339575.0030756,4,True,False,-3.2457362120646196
1772339575.052767,4,True,False,-3.395560932270039
1772339575.1047697,4,True,False,-1.8415579021472126
1772339575.1435285,4,True,False,-1.8116598436862865
1772339575.1935287,4,True,False,-1.3648104226099798
1772339575.2462747,4,True,False,1.6625070412098428
1772339575.2835,4,True,False,2.986805032816819
1772339575.3359444,4,True,False,3.693331139034746
1772339575.3860376,4,True,False,5.732661362420439
1772339575.4344301,4,True,False,6.939642585824167
1772339575.479846,4,True,False,6.8778482546133715
1772339575.5230196,4,True,False,7.001270891363058
1772339575.570282,4,True,False,6.131349486942661
1772339575.6107469,4,True,False,6.396764229189314
1772339575.6612058,4,True,False,5.804703960361977
1772339575.7094712,4,True,False,4.486106812725818
1772339575.755963,4,True,False,3.9631747936267248
1772339575.8029015,4,True,False,3.6992041918530427
1772339575.8587103,4,True,False,1.8089003967350084
1772339575.8997972,4,True,False,1.0595605934318475
1772339575.945943,4,True,False,0.7253061262196822
1772339575.9928324,4,True,False,1.8433684336317733
1772339576.0424366,4,True,False,2.1722649502184757
1772339576.0900064,4,True,False,3.0427061490232803
1772339576.1373806,4,True,False,4.635681304851266
1772339576.179611,4,True,False,5.778540399433714
1772339576.2289188,4,True,False,5.611029890258447
1772339576.279002,4,True,False,5.6513577576511995
1772339576.3296254,4,True,False,5.742213024106976
1772339576.4340613,4,True,False,5.003317460819153
1772339576.4820473,4,True,False,4.490141616556893
1772339576.5288255,4,True,False,3.5089583043640653
1772339576.5789497,4,True,False,4.289935439987606
1772339576.630966,4,True,False,3.9878094821620884
1772339576.674865,4,True,False,4.059813232598676
1772339576.728145,4,True,False,4.087710578420896
1772339576.7617712,4,True,False,4.337692336158689
1772339576.8194304,4,True,False,2.885444370394427
1772339576.858795,4,True,False,2.9525983693348996
1772339576.9086814,4,True,False,2.9327187011991858
1772339576.953679,4,True,True,4.479435451904327
1772339577.0002375,4,True,True,4.152249709721085
1772339577.0507605,4,False,True,4.819385414727845
1772339577.099531,4,False,True,5.416660702409873
1772339577.1415424,4,False,True,5.543379589129942
1772339577.1965337,4,False,True,4.749480804710474
1772339577.248181,4,False,True,4.083891346836222
1772339577.3077104,4,False,True,2.8091463174938798
1772339577.349062,4,False,True,1.5628500357571062
1772339577.3990548,4,False,True,1.4744629063919215
1772339577.4388776,4,False,True,1.6453245864323578
1772339577.4952786,4,False,True,3.1203362061170283
1772339577.5348725,4,False,True,2.0323632516839263
1772339577.581878,4,False,True,2.335271023643815
1772339577.6304314,4,False,True,3.0937396775314703
1772339577.6824358,4,False,True,2.769114399455623
1772339577.7229226,4,False,True,1.3577437094560167
1772339577.7699213,4,False,True,3.572855281874299
1772339577.822333,4,False,True,3.572855281874299
1772339577.8757296,4,False,True,2.726825689369813
1772339577.9302616,4,False,True,2.966362006255073
1772339577.97279,4,False,True,3.987689919172348
1772339578.029428,4,False,True,4.679384618520872
1772339578.0674286,4,False,True,4.223129377895171
1772339578.1196952,4,False,True,3.1613094773504318
1772339578.1713507,4,False,True,1.5954338330340043
1772339578.2083614,4,False,True,1.2558486691933601
1772339578.2557955,4,False,True,0.24411981374046848
1772339578.301614,4,False,True,0.9223409735708656
1772339578.3528526,4,False,True,1.5129569375207497
1772339578.4017763,4,False,True,2.685528480342627
1772339578.4426067,4,False,True,2.2812235653401265
1772339578.495102,4,False,True,2.233795022595834
1772339578.540679,4,False,True,2.576405280455851
1772339578.594144,4,False,True,2.230039284790655
1772339578.6380076,4,False,True,2.032423922972155
1772339578.6809394,4,False,True,2.8378511364598262
1772339578.731651,4,False,True,3.145383049816588
1772339578.774651,4,False,True,3.2904978087762276
1772339578.8241742,4,False,True,4.2708390271218795
1772339578.870175,4,False,True,4.308559352134337
1772339578.9237795,4,False,True,4.8983813596019505
1772339578.9657645,4,False,True,5.173967954565796
1772339579.0130424,4,False,False,5.319182513969272
1772339579.065502,4,False,False,5.7280121561560655
1772339579.1095831,4,True,False,6.726640422114348
1772339579.1514645,4,True,False,4.904513929518624
1772339579.1998858,4,True,False,4.480901887767412
1772339579.2558992,4,True,False,4.232051615056717
1772339579.2929096,4,True,False,3.7672711214603702
1772339579.3409338,4,True,False,1.5513073022846364
1772339579.3911433,4,True,False,2.5833825912981703
1772339579.436208,4,True,False,1.214227948715395
1772339579.4899936,4,True,False,0.38444169346933144
1772339579.528954,4,True,False,-0.4986178591596918
1772339579.5767224,4,True,False,0.28412413831197547
1772339579.6181326,4,True,False,0.447505446765296
1772339579.6677642,4,True,False,1.9480634298585557
1772339579.7188363,4,True,False,2.9084906521664533
1772339579.7596004,4,True,False,3.774966294294238
1772339579.8123004,4,True,False,4.878003579538211
1772339579.8592038,4,True,False,4.15121208705281
1772339579.9038968,4,True,False,5.441321689005219
1772339579.9634662,4,True,False,4.403760962505112
1772339580.0414047,4,True,False,4.975605980375506
1772339580.1840706,4,True,False,3.097083114312384
1772339580.2325726,4,True,False,1.7379075294159716
1772339580.2805858,4,True,False,-3.1734982327097634
1772339580.3284404,4,True,False,-6.3171627678004745
1772339580.3756251,4,True,False,-12.174839215959864
1772339580.429023,4,True,False,-16.016835259448897
1772339580.4718797,4,True,False,-19.60691969983978
1772339580.523089,4,True,False,-21.3339064182976
1772339580.5675302,4,True,False,-22.711770416619327
1772339580.6101737,4,True,False,-22.77494883037239
1772339580.6595004,4,True,False,-22.987238037098468
1772339580.7105556,4,True,False,-23.109676633203975
1772339580.7552745,4,True,False,-23.497342041788695
1772339580.801492,4,True,False,-23.876273626814804
1772339580.8517594,4,True,False,-24.503658467889746
1772339580.8953197,4,True,False,-24.580061781093413
1772339580.939478,4,True,False,-24.590107136092364
1772339580.9928744,4,True,False,-24.55106961227249
1772339581.0341096,4,True,False,-24.583178276958133
1772339581.0776653,4,True,False,-24.33131370379929
1772339581.130565,4,True,False,-24.416914004745912
1772339581.1747403,4,True,False,-24.18123652548115
1772339581.2217393,4,True,False,-24.26706044390058
1772339581.2695158,4,True,False,-24.452097958510713
1772339581.3146293,4,True,False,-24.076727956224737
1772339581.368172,4,True,False,-23.56176441081893
1772339581.4287624,4,True,False,-16.3176316435041
1772339581.4748714,4,True,False,-7.975297366671302
1772339581.5210207,4,True,False,0.7725743431071634
1772339581.5691524,4,True,False,9.200508714492113
1772339581.6212034,4,True,False,18.330496405221034
1772339581.6689453,4,True,False,21.496936079565547
1772339581.7174833,4,True,False,23.42579905776487
1772339581.7650461,4,True,False,26.009489517594517
1772339581.8088424,4,True,False,27.99763416753991
1772339581.8491776,4,True,False,29.384852799928904
1772339581.9088438,4,True,False,29.70550543053296
1772339581.9484432,4,True,False,30.610941730268962
1772339582.003656,4,True,False,30.426738551224055
1772339582.047184,4,False,False,31.45108512734206
1772339582.0873272,4,False,False,32.35321839817106
1772339582.1339521,4,False,False,33.589867708680956
1772339582.1838672,4,False,False,31.467285663421325
1772339582.232373,4,False,False,31.833972885214905
1772339582.2847466,4,False,False,31.96018297157884
1772339582.3237247,4,False,False,31.626531419079946
1772339582.3764806,4,False,False,31.385654263508286
1772339582.4254267,4,False,False,34.51736003796701
1772339582.4669197,4,False,False,35.850884483941606
1772339582.517948,4,False,False,36.14463943979956
1772339582.5661948,4,False,False,37.258237748743376
1772339582.6202364,4,False,False,37.78434357455621
1772339582.6737525,4,False,False,38.31666104661542
1772339582.7166662,4,False,False,38.9288976480033
1772339582.7654219,4,False,False,39.456687876656666
1772339582.8106527,4,False,False,39.69950118671275
1772339582.865439,4,False,False,40.52823561010666
1772339582.9055357,4,False,False,41.61192247584968
1772339582.9542873,4,False,False,41.3680253089688
1772339583.000195,4,False,False,41.48652577176203
1772339583.0469382,4,False,False,41.545233874665314
1772339583.0949469,4,False,False,41.019643626071705
1772339583.1418188,4,False,False,40.72533113553031
1772339583.1897357,4,False,False,40.16565303408957
1772339583.24131,4,False,False,39.97482229426937
1772339583.2847476,4,False,False,39.02532603414802
1772339583.3353233,4,False,False,38.0427790130771
1772339583.37575,4,False,False,34.06395192841008
1772339583.426503,4,False,False,28.609651673672875
1772339583.4726264,4,False,False,20.115484805500177
1772339583.5188444,4,True,False,10.955732733213813
1772339583.5654829,4,True,False,0.25204876932959197
1772339583.6132972,4,True,False,-8.632921923517117
1772339583.6679296,4,True,False,-15.478565370255456
1772339583.7089148,4,True,False,-19.908857986172997
1772339583.7686148,4,True,False,-23.55155398441607
1772339583.8206234,4,True,False,-25.672011835840685
1772339583.8822238,4,True,False,-27.6252264954964
1772339583.9301424,4,True,False,-29.60346548580187
1772339584.546026,5,True,False,0.0
1772339584.6865861,6,True,False,0.0
1772339584.8194928,7,True,False,0.0
1772339584.9240294,8,True,False,0.0
1772339586.0087683,9,True,False,0.0
1772339586.2849772,10,True,False,0.0
1772339586.3447886,10,True,False,1.1280570361533897
1772339586.3772984,10,True,False,1.7885555207526036
1772339586.4124978,10,True,False,1.95221669400535
1772339586.4623635,10,True,False,2.2102826298331477
1772339586.505934,10,True,False,2.7384176581863344
1772339586.5562763,10,True,False,2.622713746452702
1772339586.6060398,10,True,False,2.3319150896425165
1772339586.6483226,10,True,False,2.404728820782946
1772339586.7026112,10,True,False,1.891135456026504
1772339586.7538304,10,True,False,1.8822224824078346
1772339586.790058,10,True,False,1.906129730871689
1772339586.8368993,10,True,False,1.9636668079250428
1772339586.8860288,10,True,False,1.8363576648855884
1772339586.9350924,10,True,False,2.03089953967653
1772339586.97917,10,True,False,1.883242572740393
1772339587.0307724,10,True,False,2.0717163118953907
1772339587.0708945,10,True,False,2.142395379504717
1772339587.124988,10,True,False,2.3738616930971768
1772339587.1665864,10,True,False,2.180166889102042
1772339587.2186177,10,True,False,2.325644251202335
1772339587.2576828,10,True,False,2.1007781116960778
1772339587.307582,10,True,False,1.7895974475942005
1772339587.3637993,10,True,False,1.3247858879283299
1772339587.413227,10,True,False,1.4852837167822301
1772339587.4588282,10,True,False,0.9615041424762992
1772339587.4967477,10,True,False,0.8652459163521697
1772339587.5452929,10,True,False,0.9438741193275348
1772339587.5953133,10,True,False,0.941298433850909
1772339587.638827,10,True,False,0.8710960116870865
1772339587.6982594,10,True,False,0.9376298812462622
1772339587.741719,10,True,False,0.5775149573046221
1772339587.7812252,10,True,False,0.2358036430183489
1772339587.827503,10,True,False,-0.13548865756542341
1772339587.8792462,10,True,False,-0.5399737896594985
1772339587.923271,10,True,False,-0.8163201390016169
1772339587.9717524,10,True,False,-0.7750481840907255
1772339588.013799,10,True,False,-0.8653870186209816
1772339588.0623453,10,True,False,-0.48647374898649504
1772339588.1152453,10,True,False,-0.27836477283733674
1772339588.1564646,10,True,False,-0.11508367047722316
1772339588.2125638,10,True,False,0.10310310493342456
1772339588.2515476,10,True,False,0.8311844767743282
1772339588.297429,10,True,False,1.1690254743490756
1772339588.352323,10,True,False,1.6976147903220593
1772339588.3967896,10,True,False,2.1223410036708485
1772339588.442732,10,True,False,2.253480090014732
1772339588.4884243,10,True,False,2.3209113141397895
1772339588.5402508,10,True,False,2.3702350797716734
1772339588.5873227,10,True,False,2.083773710095419
1772339588.631062,10,True,False,1.9833215210023467
1772339588.6836076,10,True,False,2.0654408813357166
1772339588.7325966,10,True,False,1.7408132929215128
1772339588.787126,10,True,False,1.7300144993069408
1772339588.8385675,10,True,False,1.7992128706618644
1772339588.8916695,10,True,False,2.031658029862979
1772339588.9325686,10,True,False,2.0309728582005078
1772339588.9818099,10,True,False,2.629067174962267
1772339589.0226867,10,True,False,2.837064207208442
1772339589.0741448,10,True,False,3.232446182688848
1772339589.1194212,10,True,False,3.7547168750098003
1772339589.166743,10,True,False,4.728615111770365
1772339589.2172658,10,True,False,5.03313809242656
1772339589.2627058,10,True,False,5.797900765621822
1772339589.3061287,10,True,False,6.530173455444429
1772339589.3603902,10,True,False,6.597086574360406
1772339589.4038293,10,True,False,6.287278990666736
1772339589.4547944,10,True,False,5.335186122039053
1772339589.4979088,10,True,False,4.161677420348868
1772339589.59771,11,True,False,0.0
1772339591.7201161,12,True,False,0.0
1772339591.7670586,12,True,False,0.05361796188011425
1772339591.9596562,13,True,False,0.0
1772339591.9969277,13,True,False,1.8683986316329353
1772339592.0469174,13,True,False,6.622271651321507
1772339592.096963,13,True,False,10.341673358071283
1772339592.1408393,13,True,False,13.37577411453617
1772339592.1895716,13,True,False,24.373489921693402
1772339592.2324193,13,True,False,34.964994894898844
1772339592.2864976,13,True,False,43.42811384975497
1772339592.3249574,13,False,False,50.57932105066347
1772339592.3748398,13,False,False,57.02110679439208
1772339592.422823,13,False,False,58.020103318902066
1772339592.47603,13,False,False,57.939802835129754
1772339592.5220468,13,False,False,57.50906524748128
1772339592.5631697,13,False,False,56.28445036608895
1772339592.612434,13,False,False,55.73764285440056
1772339592.6538563,13,False,False,54.73834418285276
1772339592.688733,13,False,False,54.425182261425014
1772339592.741711,13,False,False,53.52119197994282
1772339592.7868648,13,False,False,54.15934381093141
1772339592.831423,13,False,False,54.531379942062514
1772339592.877599,13,False,False,55.072518240343086
1772339592.9222016,13,False,False,54.124947143261764
1772339592.9701204,13,False,False,53.508125871879166
1772339593.0181594,13,False,False,52.76900802143488
1772339593.07612,13,False,False,51.971990078730435
1772339593.120246,13,False,False,50.89804011089029
1772339593.166621,13,False,False,50.81193076468811
1772339593.2166698,13,False,False,49.90316868964
1772339593.2664468,13,False,False,48.43385119998157
1772339593.313057,13,False,False,45.642861483249604
1772339593.3510413,13,False,False,43.34595348595209
1772339593.4138784,13,False,False,41.55447235574143
1772339593.4711344,13,False,False,43.13978741126518
1772339593.5155993,13,False,False,43.93102018522905
1772339593.5573611,13,False,False,46.529905137805244
1772339593.605803,13,False,False,47.82381036728653
1772339593.6625412,13,False,False,49.165757538285916
1772339593.7322772,13,False,False,49.827743991734835
1772339593.7858155,13,False,False,51.6783766429704
1772339593.8316908,13,False,False,50.40251819285399
1772339593.874344,13,False,False,50.36593485060329
1772339593.9219198,13,False,False,51.38241458144389
1772339593.9773357,13,False,False,50.17548348797735
1772339594.018341,13,False,False,49.665087940224694
1772339594.066367,13,False,False,51.08485359062112
1772339594.1089582,13,False,False,52.39289439144964
1772339594.1622384,13,False,False,52.94909981958138
1772339594.2041755,13,False,False,53.78109744593329
1772339594.2553155,13,False,False,54.15415603709064
1772339594.3081129,13,False,False,53.86154975300593
1772339594.3464198,13,False,False,52.42083582853671
1772339594.4009726,13,False,False,51.43928080502265
1772339594.4428322,13,False,False,51.60519459372746
1772339594.4962409,13,False,False,50.51045459570553
1772339594.535969,13,False,False,51.3081634466655
1772339594.5834804,13,False,False,51.39587221369264
1772339594.6302788,13,False,False,50.71393079687718
1772339594.6794295,13,False,False,49.48879968225752
1772339594.73148,13,False,False,49.887647219877195
1772339594.7730274,13,False,False,48.291559684552
1772339594.8230548,13,False,False,48.61958471396143
1772339594.875747,13,False,False,49.276145395507044
1772339594.9127426,13,False,False,48.575237519350765
1772339594.985378,13,False,False,48.47333664025162
1772339595.0403838,13,False,False,47.22737233936696
1772339595.0844736,13,False,False,47.577533093282895
1772339595.1306899,13,False,False,46.728369045611444
1772339595.1860468,13,False,False,48.04168286435589
1772339595.2265165,13,False,False,46.260564874435225
1772339595.2812438,13,False,False,47.596533147242
1772339595.3213022,13,False,False,46.391036963898316
1772339595.3696287,13,False,False,47.56719319539917
1772339595.420077,13,False,False,46.73920447007849
1772339595.4655497,13,False,False,47.64873745435089
1772339595.5147498,13,False,False,47.694335540781296
1772339595.5580819,13,False,False,47.63412789514721
1772339595.6103733,13,False,False,46.59422862340269
1772339595.6506133,13,False,False,46.84002814211142
1772339595.6943312,13,False,False,45.370371996619156
1772339595.7505364,13,False,False,45.50805782758198
1772339595.7945535,13,False,False,45.50805782758199
1772339595.8488038,13,False,False,45.584264468898866
1772339595.8942966,13,False,False,45.967368758668506
1772339595.9353535,13,False,False,49.140295149963855
1772339595.9906845,13,False,False,49.0280682282944
1772339596.0248516,13,False,False,48.331718135333645
1772339596.0854287,13,False,False,48.76040690287332
1772339596.121414,13,False,False,48.823630816744306
1772339596.1689963,13,False,False,45.483220070519465
1772339596.2420156,13,False,False,44.78252130806085
1772339596.2812285,13,False,False,46.54967730376577
1772339596.3236165,13,False,False,47.22591688536685
1772339596.384557,13,False,False,48.07813963873649
1772339596.4337487,13,False,False,48.76326928269307
1772339596.478841,13,False,False,50.344287512364744
1772339596.5342484,13,False,False,49.07676875939934
1772339596.5771215,13,False,False,48.38583443737528
1772339596.6319082,13,False,False,46.76536761322674
1772339596.6735134,13,False,False,48.7065265390513
1772339596.7207012,13,False,False,47.362005968121004
1772339596.7688727,13,False,False,49.23718982700898
1772339596.8166316,13,False,False,50.000904748456165
1772339596.868547,13,False,False,48.72636882764921
1772339596.9059823,13,False,False,48.531821492784744
1772339596.9553478,13,False,False,49.71350992582047
1772339596.9987648,13,False,False,49.40904710618869
1772339597.046106,13,False,False,48.55273514311891
1772339597.1042151,13,False,False,48.93134272308593
1772339597.1393478,13,False,False,48.79776012096695
1772339597.1963713,13,False,False,46.68006852671087
1772339597.2383661,13,False,False,45.22398276808165
1772339597.2891,13,False,False,45.086903540749
1772339597.341892,13,False,False,44.76330279315772
1772339597.4170043,13,False,False,43.24475307550631
1772339597.4625843,13,False,False,43.54336549538501
1772339597.5145836,13,False,False,44.91013070562876
1772339597.5552342,13,False,False,44.840069326584555
1772339597.607725,13,False,False,45.18113553368556
1772339597.659904,13,False,False,44.05078093383241
1772339597.70271,13,False,False,44.54687697015621
1772339597.7528658,13,False,False,43.996075170158214
1772339597.7962432,13,False,False,42.89707591192756
1772339597.8415222,13,False,True,42.86950248520419
1772339597.8915992,13,False,True,43.565997466613155
1772339597.9324174,13,False,True,42.202987939222034
1772339597.9894683,13,False,True,41.44935154928881
1772339598.0291805,13,False,True,41.6746097845717
1772339598.0832098,13,False,True,41.298504957574025
1772339598.1234534,13,False,True,42.31486963869767
1772339598.1842325,13,False,True,43.36145519505992
1772339598.2425578,13,False,True,43.594801797451126
1772339598.2808409,13,False,True,43.45513950669874
1772339598.3351429,13,False,True,43.98519284905281
1772339598.3761716,13,False,True,43.935340569634846
1772339598.4314702,13,False,True,44.113155121153724
1772339598.474464,13,False,True,43.64025623599199
1772339598.5198638,13,False,True,43.80299888917027
1772339598.565397,13,False,True,44.44772534642535
1772339598.6133978,13,False,True,44.69406908721091
1772339598.659931,13,False,False,44.82430906032535
1772339598.706932,13,False,False,47.02675874408472
1772339598.7541738,13,False,False,46.76317335942905
1772339598.8166916,13,False,False,45.98658283350708
1772339598.877395,13,False,False,44.59740269630676
1772339598.9126012,13,False,False,44.89955645185705
1772339598.964237,13,False,False,44.00475699283406
1772339599.0132535,13,False,False,45.372353621580324
1772339599.0549076,13,False,False,45.76482948616993
1772339599.0993693,13,False,False,47.43791919619111
1772339599.1439242,13,False,False,47.12481412816531
1772339599.202638,13,False,False,47.04277679169419
1772339599.2476346,13,False,False,46.91893303750856
1772339599.2884517,13,False,False,46.286067855881505
1772339599.338259,13,False,False,45.31652683642566
1772339599.385795,13,False,False,46.36743570452169
1772339599.432817,13,False,False,45.07035705160496
1772339599.4806728,13,False,False,44.121259987967846
1772339599.5412939,13,False,False,44.83548402888784
1772339599.594257,13,False,False,45.75560611298541
1772339599.6360524,13,False,False,44.41266405302995
1772339599.688296,13,False,False,45.14691465235036
1772339599.7331424,13,False,False,45.4723261633536
1772339599.7778723,13,False,False,45.792997116500814
1772339599.827872,13,False,False,45.74746234722575
1772339599.8754954,13,False,False,46.56160393464155
1772339599.9203331,13,False,False,46.56160393464155
1772339599.9640324,13,False,False,46.43417369245844
1772339600.0141459,13,False,False,46.94114888894166
1772339600.0676491,13,False,False,45.9396531371405
1772339600.1042335,13,False,False,45.54350918676791
1772339600.1540012,13,False,False,46.600771365978915
1772339600.2010553,13,False,False,47.63083374756404
1772339600.2526214,13,False,False,47.541714908773
1772339600.2960358,13,False,False,48.580192277435614
1772339600.3491688,13,False,False,49.544884393903914
1772339600.3956034,13,False,False,50.27004469559968
1772339600.4487119,13,False,False,50.290858414802365
1772339600.4846036,13,False,False,51.38992058630829
1772339600.533921,13,False,False,50.928431195655676
1772339600.5786674,13,False,False,51.73057039646422
1772339600.637919,13,False,False,51.217069973030085
1772339600.6906672,13,False,False,50.730828957461185
1772339600.7374833,13,False,False,50.0016492365803
1772339600.7832227,13,False,False,51.72743439258134
1772339600.8245714,13,False,False,50.80792827056634
1772339600.8584006,13,False,False,50.14615932074622
1772339600.9076457,13,False,False,49.974800758644236
1772339600.977518,13,False,False,50.512547052048475
1772339601.0285184,13,False,False,49.37893586339767
1772339601.0700276,13,False,False,48.78168842643451
1772339601.128042,13,False,False,48.68519936998391
1772339601.1766148,13,False,False,48.59117433253286
1772339601.2238524,13,False,False,46.9208582130707
1772339601.2809548,13,False,False,46.195495818187794
1772339601.317972,13,False,False,46.00493923687516
1772339601.3627188,13,False,False,44.49189419949291
1772339601.4223506,13,False,False,44.2659760891292
1772339601.4809372,13,False,False,42.68629668540977
1772339601.5188484,13,False,False,40.4409090461978
1772339601.5661461,13,False,False,39.41469914418403
1772339601.6157205,13,False,False,38.49843480371534
1772339601.6606295,13,False,False,36.25846098415629
1772339601.7066865,13,False,False,35.46965380771762
1772339601.7588687,13,False,False,35.60081015626454
1772339601.8030438,13,False,False,34.40196866433922
1772339601.8494737,13,False,False,34.85670349982531
1772339601.9028783,13,False,False,33.932943162572876
1772339601.9431643,13,False,False,33.299723911903236
1772339601.9915705,13,False,False,32.36032653109821
1772339602.0386107,13,False,False,30.827132208050188
1772339602.0932746,13,False,False,28.366448743189544
1772339602.1309922,13,False,False,28.238841884795654
1772339602.1832256,13,True,False,28.224714750381473
1772339602.2402644,13,True,False,27.771448883508025
1772339602.3107457,13,True,False,28.062912943223914
1772339602.3632758,13,True,False,28.434200742883178
1772339602.4032607,13,True,False,28.359623254931858
1772339602.4561517,13,True,False,27.788986644542227
1772339602.5044909,13,True,False,27.358188922306624
1772339602.553702,13,True,False,26.847632120813604
1772339602.5923502,13,True,False,26.39492697984719
1772339602.641177,13,True,False,26.065030756581205
1772339602.6889896,13,True,False,26.039951909127314
1772339602.7314172,13,True,False,25.892779243325116
1772339602.786166,13,True,False,25.834644979136623
1772339602.8264592,13,True,False,25.752575889660555
1772339602.878119,13,True,False,25.821014452337682
1772339602.9236386,13,True,False,25.85978343640115
1772339602.9750378,13,True,False,26.639704246284357
1772339603.1138017,13,True,False,26.766384742741046
1772339603.3789296,13,True,False,27.30233904225695
1772339603.5416248,13,True,False,28.390182968097697
